{"count":1,"self":20613.3706752,"total":51373.0532799,"children":{"InitializeActuators":{"count":2,"self":0.0040016999999999995,"total":0.0040016999999999995,"children":null},"InitializeSensors":{"count":2,"self":0.0096293,"total":0.0096293,"children":null},"AgentSendState":{"count":2524017,"self":11.768979199999999,"total":5547.0308043999994,"children":{"CollectObservations":{"count":2524017,"self":47.4324192,"total":47.4324194,"children":null},"WriteActionMask":{"count":2524017,"self":2.787236,"total":2.7872358999999998,"children":null},"RequestDecision":{"count":2524017,"self":11.9418352,"total":5485.0421701,"children":{"AgentInfo.ToProto":{"count":2524017,"self":16.4776624,"total":5473.100335,"children":{"GenerateSensorData":{"count":2524017,"self":188.9739136,"total":5456.622673,"children":{"CameraSensor.GetCompressedObservation":{"count":2524017,"self":5267.6489216,"total":5267.6487643,"children":null}}}}}}}}},"DecideAction":{"count":2524017,"self":25016.932761599997,"total":25016.932561499998,"children":null},"AgentAct":{"count":2524017,"self":100.14930559999999,"total":195.6972237,"children":{"AgentInfo.ToProto":{"count":43322,"self":0.27502129999999997,"total":95.54791569999999,"children":{"GenerateSensorData":{"count":43322,"self":3.3208764,"total":95.2728944,"children":{"CameraSensor.GetCompressedObservation":{"count":43322,"self":91.9520192,"total":91.952018099999989,"children":null}}}}}}}},"gauges":{"stage2.CumulativeReward":{"count":43322,"max":10,"min":-659,"runningAverage":5.18097925,"value":10,"weightedAverage":7.02792645}},"metadata":{"timer_format_version":"0.1.0","start_time_seconds":"1703686227","unity_version":"2021.2.3f1","command_line_arguments":"C:\\Users\\linzj\\Desktop\\environment\\S4_simple\\\\build.exe --mlagents-port 5010","communication_protocol_version":"1.5.0","com.unity.ml-agents_version":"2.0.1","scene_name":"stage4_train_simple","end_time_seconds":"1703737600"}}