{"count":1,"self":26738.823987199998,"total":427630.14457869995,"children":{"InitializeActuators":{"count":2,"self":0.0055109,"total":0.0055109,"children":null},"InitializeSensors":{"count":2,"self":0.0120498,"total":0.0120498,"children":null},"AgentSendState":{"count":16497565,"self":177.8178816,"total":107352.6862035,"children":{"CollectObservations":{"count":16497565,"self":990.5468416,"total":990.5468151,"children":null},"WriteActionMask":{"count":16497565,"self":35.602739199999995,"total":35.6027407,"children":null},"RequestDecision":{"count":16497565,"self":153.676928,"total":106148.71876569999,"children":{"AgentInfo.ToProto":{"count":16497565,"self":187.4196096,"total":105995.04184169999,"children":{"GenerateSensorData":{"count":16497565,"self":1632.8240128,"total":105807.62223749999,"children":{"CameraSensor.GetCompressedObservation":{"count":16497565,"self":104174.80007679999,"total":104174.79826489999,"children":null}}}}}}}}},"DecideAction":{"count":16497565,"self":290720.6057984,"total":290720.6052213,"children":null},"AgentAct":{"count":16497565,"self":1273.4063615999999,"total":2818.0069497,"children":{"AgentInfo.ToProto":{"count":388303,"self":3.8462476,"total":1544.6005504999998,"children":{"GenerateSensorData":{"count":388303,"self":40.580368,"total":1540.7543028999999,"children":{"CameraSensor.GetCompressedObservation":{"count":388303,"self":1500.1739264,"total":1500.1739353,"children":null}}}}}}}},"gauges":{"stage2.CumulativeReward":{"count":388303,"max":10,"min":-1032,"runningAverage":6.17161465,"value":10,"weightedAverage":7.774273}},"metadata":{"timer_format_version":"0.1.0","start_time_seconds":"1707725433","unity_version":"2021.2.3f1","command_line_arguments":"C:\\Users\\linzj\\Desktop\\environment\\S3_prepositions_train_5c5s4p\\\\build.exe --mlagents-port 5006","communication_protocol_version":"1.5.0","com.unity.ml-agents_version":"2.0.1","scene_name":"stage3_env2_train_5c5s4p","end_time_seconds":"1708153063"}}