{"count":1,"self":71926.513664,"total":553827.72516239993,"children":{"InitializeActuators":{"count":2,"self":0.0030009,"total":0.0030009,"children":null},"InitializeSensors":{"count":2,"self":0.0101953,"total":0.0101953,"children":null},"AgentSendState":{"count":23940267,"self":246.3549952,"total":90726.2516315,"children":{"CollectObservations":{"count":23940267,"self":1581.7737215999998,"total":1581.7736728999998,"children":null},"WriteActionMask":{"count":23940267,"self":52.934079999999994,"total":52.9340805,"children":null},"RequestDecision":{"count":23940267,"self":214.1330304,"total":88845.188893899991,"children":{"AgentInfo.ToProto":{"count":23940267,"self":255.3126144,"total":88631.0558624,"children":{"GenerateSensorData":{"count":23940267,"self":2435.3171456,"total":88375.7432386,"children":{"CameraSensor.GetCompressedObservation":{"count":23940267,"self":85940.4238848,"total":85940.426137599992,"children":null}}}}}}}}},"DecideAction":{"count":23940267,"self":386913.32423679996,"total":386913.319438,"children":null},"AgentAct":{"count":23940267,"self":1421.2202496,"total":4261.6259468,"children":{"AgentInfo.ToProto":{"count":852678,"self":8.582944,"total":2840.4056931,"children":{"GenerateSensorData":{"count":852678,"self":90.206988799999991,"total":2831.822749,"children":{"CameraSensor.GetCompressedObservation":{"count":852678,"self":2741.6158207999997,"total":2741.6157574,"children":null}}}}}}}},"gauges":{"stage2.CumulativeReward":{"count":852678,"max":10,"min":-500,"runningAverage":7.89422226,"value":3,"weightedAverage":6.476247}},"metadata":{"timer_format_version":"0.1.0","start_time_seconds":"1705734695","unity_version":"2021.2.3f1","command_line_arguments":"C:\\Users\\linzj\\Desktop\\environment\\S3_prepositions_train_3c3s8p\\\\build.exe --mlagents-port 5007","communication_protocol_version":"1.5.0","com.unity.ml-agents_version":"2.0.1","scene_name":"stage3_env2_train_3c3s8p","end_time_seconds":"1706288523"}}