{"count":1,"self":21250.364211199998,"total":51305.2271383,"children":{"InitializeActuators":{"count":2,"self":0.0029961,"total":0.0029961,"children":null},"InitializeSensors":{"count":2,"self":0.0099992,"total":0.0099992,"children":null},"AgentSendState":{"count":2550350,"self":11.9743792,"total":5565.7292249,"children":{"CollectObservations":{"count":2550350,"self":42.6474688,"total":42.6474683,"children":null},"WriteActionMask":{"count":2550350,"self":2.4491068,"total":2.4491066999999997,"children":null},"RequestDecision":{"count":2550350,"self":12.053078399999999,"total":5508.6582707,"children":{"AgentInfo.ToProto":{"count":2550350,"self":17.9253952,"total":5496.6051923999994,"children":{"GenerateSensorData":{"count":2550350,"self":185.563264,"total":5478.679798,"children":{"CameraSensor.GetCompressedObservation":{"count":2550350,"self":5293.1166207999995,"total":5293.1165313,"children":null}}}}}}}}},"DecideAction":{"count":2550350,"self":24121.052364799998,"total":24121.052652899998,"children":null},"AgentAct":{"count":2550350,"self":124.45877759999999,"total":368.0593338,"children":{"AgentInfo.ToProto":{"count":110532,"self":0.8408983,"total":243.600561,"children":{"GenerateSensorData":{"count":110532,"self":8.1649376,"total":242.75966269999998,"children":{"CameraSensor.GetCompressedObservation":{"count":110532,"self":234.59471359999998,"total":234.5947252,"children":null}}}}}}}},"gauges":{"stage2.CumulativeReward":{"count":110532,"max":10,"min":-335,"runningAverage":8.63502,"value":-5,"weightedAverage":5.49531269}},"metadata":{"timer_format_version":"0.1.0","start_time_seconds":"1703686295","unity_version":"2021.2.3f1","command_line_arguments":"C:\\Users\\linzj\\Desktop\\environment\\S3_prepositions_train_simple\\\\build.exe --mlagents-port 5006","communication_protocol_version":"1.5.0","com.unity.ml-agents_version":"2.0.1","scene_name":"stage3_env2_train_simple","end_time_seconds":"1703737600"}}