{"count":1,"self":100177.04509439999,"total":448339.4878274,"children":{"InitializeActuators":{"count":2,"self":0.0039961,"total":0.0039961,"children":null},"InitializeSensors":{"count":2,"self":0.020127799999999998,"total":0.020127799999999998,"children":null},"AgentSendState":{"count":20815419,"self":182.9958528,"total":69512.5117817,"children":{"CollectObservations":{"count":20815419,"self":1301.7760767999998,"total":1301.7760724999998,"children":null},"WriteActionMask":{"count":20815419,"self":39.225263999999996,"total":39.2252647,"children":null},"RequestDecision":{"count":20815419,"self":161.2529664,"total":67988.514597,"children":{"AgentInfo.ToProto":{"count":20815419,"self":196.9913216,"total":67827.261633499991,"children":{"GenerateSensorData":{"count":20815419,"self":1694.6516992,"total":67630.2703121,"children":{"CameraSensor.GetCompressedObservation":{"count":20815419,"self":65935.6188672,"total":65935.6186036,"children":null}}}}}}}}},"DecideAction":{"count":20815419,"self":272406.3346688,"total":272406.328842,"children":null},"AgentAct":{"count":20815419,"self":3295.9586304,"total":6243.5725812,"children":{"AgentInfo.ToProto":{"count":924933,"self":8.1228912,"total":2947.614037,"children":{"GenerateSensorData":{"count":924933,"self":82.7153472,"total":2939.4911457,"children":{"CameraSensor.GetCompressedObservation":{"count":924933,"self":2856.7758848,"total":2856.7757993,"children":null}}}}}}}},"gauges":{"stage2.CumulativeReward":{"count":924933,"max":10,"min":-800,"runningAverage":8.22946,"value":10,"weightedAverage":9.666395}},"metadata":{"timer_format_version":"0.1.0","start_time_seconds":"1710171801","unity_version":"2021.2.3f1","command_line_arguments":"C:\\Users\\linzj\\Desktop\\environment\\S4\\\\build.exe --mlagents-port 5013","communication_protocol_version":"1.5.0","com.unity.ml-agents_version":"2.0.1","scene_name":"stage4_train","end_time_seconds":"1710620140"}}