{"count":1,"self":76822.60992,"total":377552.8455693,"children":{"InitializeActuators":{"count":2,"self":0.002,"total":0.002,"children":null},"InitializeSensors":{"count":2,"self":0.009999,"total":0.009999,"children":null},"AgentSendState":{"count":16556470,"self":153.930048,"total":53404.6555917,"children":{"CollectObservations":{"count":16556470,"self":1364.1074687999999,"total":1364.1075053,"children":null},"WriteActionMask":{"count":16556470,"self":30.6630656,"total":30.663066399999998,"children":null},"RequestDecision":{"count":16556470,"self":134.47253759999998,"total":51855.9549719,"children":{"AgentInfo.ToProto":{"count":16556470,"self":158.80156159999999,"total":51721.482438399995,"children":{"GenerateSensorData":{"count":16556470,"self":1244.0717312,"total":51562.680880299995,"children":{"CameraSensor.GetCompressedObservation":{"count":16556470,"self":50318.6096128,"total":50318.609190999996,"children":null}}}}}}}}},"DecideAction":{"count":16556470,"self":243804.58926079998,"total":243804.5986264,"children":null},"AgentAct":{"count":16556470,"self":1477.1569663999999,"total":3520.9656397999997,"children":{"AgentInfo.ToProto":{"count":671920,"self":5.8191828,"total":2043.8086472999998,"children":{"GenerateSensorData":{"count":671920,"self":56.1460096,"total":2037.9894646,"children":{"CameraSensor.GetCompressedObservation":{"count":671920,"self":1981.8434559999998,"total":1981.8434544,"children":null}}}}}}}},"gauges":{"stage2.CumulativeReward":{"count":671920,"max":10,"min":-467,"runningAverage":8.39602,"value":10,"weightedAverage":9.187817}},"metadata":{"timer_format_version":"0.1.0","start_time_seconds":"1710242588","unity_version":"2021.2.3f1","command_line_arguments":"C:\\Users\\linzj\\Desktop\\environment\\S3_prepositions_train_5c5s8p\\\\build.exe --mlagents-port 5010","communication_protocol_version":"1.5.0","com.unity.ml-agents_version":"2.0.1","scene_name":"stage3_env2_train","end_time_seconds":"1710620140"}}