{"count":1,"self":4586.893312,"total":33869.4414416,"children":{"InitializeActuators":{"count":2,"self":0.0035902,"total":0.0035902,"children":null},"InitializeSensors":{"count":2,"self":0.012003199999999999,"total":0.012003199999999999,"children":null},"AgentSendState":{"count":1340813,"self":17.4450112,"total":5216.3300494999994,"children":{"CollectObservations":{"count":1340813,"self":58.7218112,"total":58.7218082,"children":null},"WriteActionMask":{"count":1340813,"self":3.7139168,"total":3.7139168999999996,"children":null},"RequestDecision":{"count":1340813,"self":13.5517744,"total":5136.4493126,"children":{"AgentInfo.ToProto":{"count":1340813,"self":16.912824,"total":5122.8975384,"children":{"GenerateSensorData":{"count":1340813,"self":129.9717248,"total":5105.9847144,"children":{"CameraSensor.GetCompressedObservation":{"count":1340813,"self":4976.0129024,"total":4976.0129873999995,"children":null}}}}}}}}},"DecideAction":{"count":1340813,"self":23918.5149952,"total":23918.5144822,"children":null},"AgentAct":{"count":1340813,"self":90.8903552,"total":147.6808002,"children":{"AgentInfo.ToProto":{"count":15298,"self":0.13551269999999999,"total":56.790442299999995,"children":{"GenerateSensorData":{"count":15298,"self":1.7053251999999999,"total":56.654929599999996,"children":{"CameraSensor.GetCompressedObservation":{"count":15298,"self":54.9496064,"total":54.9496045,"children":null}}}}}}}},"gauges":{"stage2.CumulativeReward":{"count":15298,"max":10,"min":-725,"runningAverage":0.730815947,"value":10,"weightedAverage":3.6507802}},"metadata":{"timer_format_version":"0.1.0","start_time_seconds":"1700757973","unity_version":"2021.2.3f1","command_line_arguments":"C:\\Users\\linzj\\Desktop\\environment\\S3_determiners_train\\\\build.exe --mlagents-port 5007","communication_protocol_version":"1.5.0","com.unity.ml-agents_version":"2.0.1","scene_name":"stage3_env1_test","end_time_seconds":"1700791822"}}