{"count":1,"self":23728.7047168,"total":187256.5342027,"children":{"InitializeActuators":{"count":2,"self":0.0029990999999999998,"total":0.0029990999999999998,"children":null},"InitializeSensors":{"count":2,"self":0.0099989,"total":0.0099989,"children":null},"AgentSendState":{"count":8219898,"self":84.03598079999999,"total":30182.1114437,"children":{"CollectObservations":{"count":8219898,"self":612.25472,"total":612.2547412,"children":null},"WriteActionMask":{"count":8219898,"self":17.657176,"total":17.6571761,"children":null},"RequestDecision":{"count":8219898,"self":77.367289599999992,"total":29468.1635436,"children":{"AgentInfo.ToProto":{"count":8219898,"self":92.674784,"total":29390.7962542,"children":{"GenerateSensorData":{"count":8219898,"self":804.0686592,"total":29298.121467499997,"children":{"CameraSensor.GetCompressedObservation":{"count":8219898,"self":28494.053376,"total":28494.052825699997,"children":null}}}}}}}}},"DecideAction":{"count":8219898,"self":131124.5336576,"total":131124.5292505,"children":null},"AgentAct":{"count":8219898,"self":857.3802496,"total":2221.1711130999997,"children":{"AgentInfo.ToProto":{"count":391913,"self":3.8554796,"total":1363.7908502,"children":{"GenerateSensorData":{"count":391913,"self":40.6914912,"total":1359.9353704999999,"children":{"CameraSensor.GetCompressedObservation":{"count":391913,"self":1319.2438783999999,"total":1319.2438803,"children":null}}}}}}}},"gauges":{"stage2.CumulativeReward":{"count":391913,"max":10,"min":-482,"runningAverage":8.725165,"value":1,"weightedAverage":6.58399725}},"metadata":{"timer_format_version":"0.1.0","start_time_seconds":"1705546594","unity_version":"2021.2.3f1","command_line_arguments":"C:\\Users\\linzj\\Desktop\\environment\\S3_determiners_train\\\\build.exe --mlagents-port 5009","communication_protocol_version":"1.5.0","com.unity.ml-agents_version":"2.0.1","scene_name":"stage3_env1_train","end_time_seconds":"1705733850"}}