{"count":1,"self":51524.917657599995,"total":361332.8430527,"children":{"InitializeActuators":{"count":2,"self":0.0040006,"total":0.0040006,"children":null},"InitializeSensors":{"count":2,"self":0.0100048,"total":0.0100048,"children":null},"AgentSendState":{"count":14943131,"self":158.8504064,"total":57511.269952099996,"children":{"CollectObservations":{"count":14943131,"self":1009.7698816,"total":1009.7698899,"children":null},"WriteActionMask":{"count":14943131,"self":34.6487808,"total":34.6487816,"children":null},"RequestDecision":{"count":14943131,"self":137.1834624,"total":56308.000876599996,"children":{"AgentInfo.ToProto":{"count":14943131,"self":162.7348352,"total":56170.8174115,"children":{"GenerateSensorData":{"count":14943131,"self":1540.2673152,"total":56008.0825756,"children":{"CameraSensor.GetCompressedObservation":{"count":14943131,"self":54467.815014399996,"total":54467.815237999996,"children":null}}}}}}}}},"DecideAction":{"count":14943131,"self":248699.52552959998,"total":248699.52526199998,"children":null},"AgentAct":{"count":14943131,"self":1087.4036224,"total":3597.1106204,"children":{"AgentInfo.ToProto":{"count":743634,"self":7.2689552,"total":2509.7070389,"children":{"GenerateSensorData":{"count":743634,"self":79.653567999999993,"total":2502.4380840999997,"children":{"CameraSensor.GetCompressedObservation":{"count":743634,"self":2422.7846144,"total":2422.7845150999997,"children":null}}}}}}}},"gauges":{"stage2.CumulativeReward":{"count":743634,"max":10,"min":-1060,"runningAverage":8.741123,"value":10,"weightedAverage":9.999774}},"metadata":{"timer_format_version":"0.1.0","start_time_seconds":"1705927190","unity_version":"2021.2.3f1","command_line_arguments":"C:\\Users\\linzj\\Desktop\\environment\\S3_prepositions_4_4\\\\build.exe --mlagents-port 5011","communication_protocol_version":"1.5.0","com.unity.ml-agents_version":"2.0.1","scene_name":"stage3_env2_train_4_4","end_time_seconds":"1706288523"}}