{"count":1,"self":4.5196992,"total":5.1079916999999995,"children":{"InitializeActuators":{"count":2,"self":0.0029996999999999997,"total":0.0029996999999999997,"children":null},"InitializeSensors":{"count":2,"self":0.0240001,"total":0.0240001,"children":null},"AgentSendState":{"count":211,"self":0.005946,"total":0.5497611,"children":{"CollectObservations":{"count":211,"self":0.011080699999999999,"total":0.011080699999999999,"children":null},"WriteActionMask":{"count":211,"self":0,"total":0,"children":null},"RequestDecision":{"count":211,"self":0.003,"total":0.53273439999999994,"children":{"CameraSensor.GetCompressedObservation":{"count":211,"self":0.52973439999999994,"total":0.52973439999999994,"children":null}}}}},"DecideAction":{"count":211,"self":0.0035050999999999997,"total":0.0035050999999999997,"children":null},"AgentAct":{"count":211,"self":0.0060263999999999995,"total":0.0060263999999999995,"children":null}},"gauges":{},"metadata":{"timer_format_version":"0.1.0","start_time_seconds":"1712142743","unity_version":"2021.2.3f1","command_line_arguments":"C:\\Users\\linzj\\Desktop\\environment\\S3_determiners_5c5s2d\\build.exe","communication_protocol_version":"1.5.0","com.unity.ml-agents_version":"2.0.1","scene_name":"stage3_env1_train_2d","end_time_seconds":"1712142748"}}